{"cameraMode":{"drawMode":0,"name":"Shaded","section":"Shading Mode"},"sceneLighting":false,"audioPlay":false,"sceneViewState":{"m_AlwaysRefresh":false,"showFog":true,"showSkybox":false,"showFlares":true,"showImageEffects":true,"showParticleSystems":true,"showVisualEffectGraphs":true,"m_FxEnabled":true},"in2DMode":false,"pivot":{"x":0.3617907166481018,"y":0.05258917808532715,"z":0.13332706689834596},"rotation":{"x":0.621897280216217,"y":-0.1342453956604004,"z":0.10931558161973953,"w":0.7637230753898621},"size":40.41672897338867,"orthographic":false}